,user,timeline_url
0,"{'login': 'wleong1', 'id': 122815453, 'node_id': 'U_kgDOB1ID3Q', 'avatar_url': 'https://avatars.githubusercontent.com/u/122815453?v=4', 'gravatar_id': '', 'url': 'https://api.github.com/users/wleong1', 'html_url': 'https://github.com/wleong1', 'followers_url': 'https://api.github.com/users/wleong1/followers', 'following_url': 'https://api.github.com/users/wleong1/following{/other_user}', 'gists_url': 'https://api.github.com/users/wleong1/gists{/gist_id}', 'starred_url': 'https://api.github.com/users/wleong1/starred{/owner}{/repo}', 'subscriptions_url': 'https://api.github.com/users/wleong1/subscriptions', 'organizations_url': 'https://api.github.com/users/wleong1/orgs', 'repos_url': 'https://api.github.com/users/wleong1/repos', 'events_url': 'https://api.github.com/users/wleong1/events{/privacy}', 'received_events_url': 'https://api.github.com/users/wleong1/received_events', 'type': 'User', 'site_admin': False}",https://api.github.com/repos/pandas-dev/pandas/issues/57628/timeline
1,"{'login': 'natmokval', 'id': 91160475, 'node_id': 'MDQ6VXNlcjkxMTYwNDc1', 'avatar_url': 'https://avatars.githubusercontent.com/u/91160475?v=4', 'gravatar_id': '', 'url': 'https://api.github.com/users/natmokval', 'html_url': 'https://github.com/natmokval', 'followers_url': 'https://api.github.com/users/natmokval/followers', 'following_url': 'https://api.github.com/users/natmokval/following{/other_user}', 'gists_url': 'https://api.github.com/users/natmokval/gists{/gist_id}', 'starred_url': 'https://api.github.com/users/natmokval/starred{/owner}{/repo}', 'subscriptions_url': 'https://api.github.com/users/natmokval/subscriptions', 'organizations_url': 'https://api.github.com/users/natmokval/orgs', 'repos_url': 'https://api.github.com/users/natmokval/repos', 'events_url': 'https://api.github.com/users/natmokval/events{/privacy}', 'received_events_url': 'https://api.github.com/users/natmokval/received_events', 'type': 'User', 'site_admin': False}",https://api.github.com/repos/pandas-dev/pandas/issues/57627/timeline
2,"{'login': 'jordan-d-murphy', 'id': 35613487, 'node_id': 'MDQ6VXNlcjM1NjEzNDg3', 'avatar_url': 'https://avatars.githubusercontent.com/u/35613487?v=4', 'gravatar_id': '', 'url': 'https://api.github.com/users/jordan-d-murphy', 'html_url': 'https://github.com/jordan-d-murphy', 'followers_url': 'https://api.github.com/users/jordan-d-murphy/followers', 'following_url': 'https://api.github.com/users/jordan-d-murphy/following{/other_user}', 'gists_url': 'https://api.github.com/users/jordan-d-murphy/gists{/gist_id}', 'starred_url': 'https://api.github.com/users/jordan-d-murphy/starred{/owner}{/repo}', 'subscriptions_url': 'https://api.github.com/users/jordan-d-murphy/subscriptions', 'organizations_url': 'https://api.github.com/users/jordan-d-murphy/orgs', 'repos_url': 'https://api.github.com/users/jordan-d-murphy/repos', 'events_url': 'https://api.github.com/users/jordan-d-murphy/events{/privacy}', 'received_events_url': 'https://api.github.com/users/jordan-d-murphy/received_events', 'type': 'User', 'site_admin': False}",https://api.github.com/repos/pandas-dev/pandas/issues/57625/timeline
3,"{'login': 'rhshadrach', 'id': 45562402, 'node_id': 'MDQ6VXNlcjQ1NTYyNDAy', 'avatar_url': 'https://avatars.githubusercontent.com/u/45562402?v=4', 'gravatar_id': '', 'url': 'https://api.github.com/users/rhshadrach', 'html_url': 'https://github.com/rhshadrach', 'followers_url': 'https://api.github.com/users/rhshadrach/followers', 'following_url': 'https://api.github.com/users/rhshadrach/following{/other_user}', 'gists_url': 'https://api.github.com/users/rhshadrach/gists{/gist_id}', 'starred_url': 'https://api.github.com/users/rhshadrach/starred{/owner}{/repo}', 'subscriptions_url': 'https://api.github.com/users/rhshadrach/subscriptions', 'organizations_url': 'https://api.github.com/users/rhshadrach/orgs', 'repos_url': 'https://api.github.com/users/rhshadrach/repos', 'events_url': 'https://api.github.com/users/rhshadrach/events{/privacy}', 'received_events_url': 'https://api.github.com/users/rhshadrach/received_events', 'type': 'User', 'site_admin': False}",https://api.github.com/repos/pandas-dev/pandas/issues/57624/timeline
4,"{'login': 'rhshadrach', 'id': 45562402, 'node_id': 'MDQ6VXNlcjQ1NTYyNDAy', 'avatar_url': 'https://avatars.githubusercontent.com/u/45562402?v=4', 'gravatar_id': '', 'url': 'https://api.github.com/users/rhshadrach', 'html_url': 'https://github.com/rhshadrach', 'followers_url': 'https://api.github.com/users/rhshadrach/followers', 'following_url': 'https://api.github.com/users/rhshadrach/following{/other_user}', 'gists_url': 'https://api.github.com/users/rhshadrach/gists{/gist_id}', 'starred_url': 'https://api.github.com/users/rhshadrach/starred{/owner}{/repo}', 'subscriptions_url': 'https://api.github.com/users/rhshadrach/subscriptions', 'organizations_url': 'https://api.github.com/users/rhshadrach/orgs', 'repos_url': 'https://api.github.com/users/rhshadrach/repos', 'events_url': 'https://api.github.com/users/rhshadrach/events{/privacy}', 'received_events_url': 'https://api.github.com/users/rhshadrach/received_events', 'type': 'User', 'site_admin': False}",https://api.github.com/repos/pandas-dev/pandas/issues/57620/timeline
5,"{'login': 'janosh', 'id': 30958850, 'node_id': 'MDQ6VXNlcjMwOTU4ODUw', 'avatar_url': 'https://avatars.githubusercontent.com/u/30958850?v=4', 'gravatar_id': '', 'url': 'https://api.github.com/users/janosh', 'html_url': 'https://github.com/janosh', 'followers_url': 'https://api.github.com/users/janosh/followers', 'following_url': 'https://api.github.com/users/janosh/following{/other_user}', 'gists_url': 'https://api.github.com/users/janosh/gists{/gist_id}', 'starred_url': 'https://api.github.com/users/janosh/starred{/owner}{/repo}', 'subscriptions_url': 'https://api.github.com/users/janosh/subscriptions', 'organizations_url': 'https://api.github.com/users/janosh/orgs', 'repos_url': 'https://api.github.com/users/janosh/repos', 'events_url': 'https://api.github.com/users/janosh/events{/privacy}', 'received_events_url': 'https://api.github.com/users/janosh/received_events', 'type': 'User', 'site_admin': False}",https://api.github.com/repos/pandas-dev/pandas/issues/57617/timeline
6,"{'login': 'lamdang2k', 'id': 70220760, 'node_id': 'MDQ6VXNlcjcwMjIwNzYw', 'avatar_url': 'https://avatars.githubusercontent.com/u/70220760?v=4', 'gravatar_id': '', 'url': 'https://api.github.com/users/lamdang2k', 'html_url': 'https://github.com/lamdang2k', 'followers_url': 'https://api.github.com/users/lamdang2k/followers', 'following_url': 'https://api.github.com/users/lamdang2k/following{/other_user}', 'gists_url': 'https://api.github.com/users/lamdang2k/gists{/gist_id}', 'starred_url': 'https://api.github.com/users/lamdang2k/starred{/owner}{/repo}', 'subscriptions_url': 'https://api.github.com/users/lamdang2k/subscriptions', 'organizations_url': 'https://api.github.com/users/lamdang2k/orgs', 'repos_url': 'https://api.github.com/users/lamdang2k/repos', 'events_url': 'https://api.github.com/users/lamdang2k/events{/privacy}', 'received_events_url': 'https://api.github.com/users/lamdang2k/received_events', 'type': 'User', 'site_admin': False}",https://api.github.com/repos/pandas-dev/pandas/issues/57616/timeline
7,"{'login': 'jordan-d-murphy', 'id': 35613487, 'node_id': 'MDQ6VXNlcjM1NjEzNDg3', 'avatar_url': 'https://avatars.githubusercontent.com/u/35613487?v=4', 'gravatar_id': '', 'url': 'https://api.github.com/users/jordan-d-murphy', 'html_url': 'https://github.com/jordan-d-murphy', 'followers_url': 'https://api.github.com/users/jordan-d-murphy/followers', 'following_url': 'https://api.github.com/users/jordan-d-murphy/following{/other_user}', 'gists_url': 'https://api.github.com/users/jordan-d-murphy/gists{/gist_id}', 'starred_url': 'https://api.github.com/users/jordan-d-murphy/starred{/owner}{/repo}', 'subscriptions_url': 'https://api.github.com/users/jordan-d-murphy/subscriptions', 'organizations_url': 'https://api.github.com/users/jordan-d-murphy/orgs', 'repos_url': 'https://api.github.com/users/jordan-d-murphy/repos', 'events_url': 'https://api.github.com/users/jordan-d-murphy/events{/privacy}', 'received_events_url': 'https://api.github.com/users/jordan-d-murphy/received_events', 'type': 'User', 'site_admin': False}",https://api.github.com/repos/pandas-dev/pandas/issues/57615/timeline
8,"{'login': 'luke396', 'id': 77875500, 'node_id': 'MDQ6VXNlcjc3ODc1NTAw', 'avatar_url': 'https://avatars.githubusercontent.com/u/77875500?v=4', 'gravatar_id': '', 'url': 'https://api.github.com/users/luke396', 'html_url': 'https://github.com/luke396', 'followers_url': 'https://api.github.com/users/luke396/followers', 'following_url': 'https://api.github.com/users/luke396/following{/other_user}', 'gists_url': 'https://api.github.com/users/luke396/gists{/gist_id}', 'starred_url': 'https://api.github.com/users/luke396/starred{/owner}{/repo}', 'subscriptions_url': 'https://api.github.com/users/luke396/subscriptions', 'organizations_url': 'https://api.github.com/users/luke396/orgs', 'repos_url': 'https://api.github.com/users/luke396/repos', 'events_url': 'https://api.github.com/users/luke396/events{/privacy}', 'received_events_url': 'https://api.github.com/users/luke396/received_events', 'type': 'User', 'site_admin': False}",https://api.github.com/repos/pandas-dev/pandas/issues/57614/timeline
9,"{'login': 'jordan-d-murphy', 'id': 35613487, 'node_id': 'MDQ6VXNlcjM1NjEzNDg3', 'avatar_url': 'https://avatars.githubusercontent.com/u/35613487?v=4', 'gravatar_id': '', 'url': 'https://api.github.com/users/jordan-d-murphy', 'html_url': 'https://github.com/jordan-d-murphy', 'followers_url': 'https://api.github.com/users/jordan-d-murphy/followers', 'following_url': 'https://api.github.com/users/jordan-d-murphy/following{/other_user}', 'gists_url': 'https://api.github.com/users/jordan-d-murphy/gists{/gist_id}', 'starred_url': 'https://api.github.com/users/jordan-d-murphy/starred{/owner}{/repo}', 'subscriptions_url': 'https://api.github.com/users/jordan-d-murphy/subscriptions', 'organizations_url': 'https://api.github.com/users/jordan-d-murphy/orgs', 'repos_url': 'https://api.github.com/users/jordan-d-murphy/repos', 'events_url': 'https://api.github.com/users/jordan-d-murphy/events{/privacy}', 'received_events_url': 'https://api.github.com/users/jordan-d-murphy/received_events', 'type': 'User', 'site_admin': False}",https://api.github.com/repos/pandas-dev/pandas/issues/57613/timeline
10,"{'login': 'jordan-d-murphy', 'id': 35613487, 'node_id': 'MDQ6VXNlcjM1NjEzNDg3', 'avatar_url': 'https://avatars.githubusercontent.com/u/35613487?v=4', 'gravatar_id': '', 'url': 'https://api.github.com/users/jordan-d-murphy', 'html_url': 'https://github.com/jordan-d-murphy', 'followers_url': 'https://api.github.com/users/jordan-d-murphy/followers', 'following_url': 'https://api.github.com/users/jordan-d-murphy/following{/other_user}', 'gists_url': 'https://api.github.com/users/jordan-d-murphy/gists{/gist_id}', 'starred_url': 'https://api.github.com/users/jordan-d-murphy/starred{/owner}{/repo}', 'subscriptions_url': 'https://api.github.com/users/jordan-d-murphy/subscriptions', 'organizations_url': 'https://api.github.com/users/jordan-d-murphy/orgs', 'repos_url': 'https://api.github.com/users/jordan-d-murphy/repos', 'events_url': 'https://api.github.com/users/jordan-d-murphy/events{/privacy}', 'received_events_url': 'https://api.github.com/users/jordan-d-murphy/received_events', 'type': 'User', 'site_admin': False}",https://api.github.com/repos/pandas-dev/pandas/issues/57612/timeline
11,"{'login': 'jordan-d-murphy', 'id': 35613487, 'node_id': 'MDQ6VXNlcjM1NjEzNDg3', 'avatar_url': 'https://avatars.githubusercontent.com/u/35613487?v=4', 'gravatar_id': '', 'url': 'https://api.github.com/users/jordan-d-murphy', 'html_url': 'https://github.com/jordan-d-murphy', 'followers_url': 'https://api.github.com/users/jordan-d-murphy/followers', 'following_url': 'https://api.github.com/users/jordan-d-murphy/following{/other_user}', 'gists_url': 'https://api.github.com/users/jordan-d-murphy/gists{/gist_id}', 'starred_url': 'https://api.github.com/users/jordan-d-murphy/starred{/owner}{/repo}', 'subscriptions_url': 'https://api.github.com/users/jordan-d-murphy/subscriptions', 'organizations_url': 'https://api.github.com/users/jordan-d-murphy/orgs', 'repos_url': 'https://api.github.com/users/jordan-d-murphy/repos', 'events_url': 'https://api.github.com/users/jordan-d-murphy/events{/privacy}', 'received_events_url': 'https://api.github.com/users/jordan-d-murphy/received_events', 'type': 'User', 'site_admin': False}",https://api.github.com/repos/pandas-dev/pandas/issues/57611/timeline
12,"{'login': 'jordan-d-murphy', 'id': 35613487, 'node_id': 'MDQ6VXNlcjM1NjEzNDg3', 'avatar_url': 'https://avatars.githubusercontent.com/u/35613487?v=4', 'gravatar_id': '', 'url': 'https://api.github.com/users/jordan-d-murphy', 'html_url': 'https://github.com/jordan-d-murphy', 'followers_url': 'https://api.github.com/users/jordan-d-murphy/followers', 'following_url': 'https://api.github.com/users/jordan-d-murphy/following{/other_user}', 'gists_url': 'https://api.github.com/users/jordan-d-murphy/gists{/gist_id}', 'starred_url': 'https://api.github.com/users/jordan-d-murphy/starred{/owner}{/repo}', 'subscriptions_url': 'https://api.github.com/users/jordan-d-murphy/subscriptions', 'organizations_url': 'https://api.github.com/users/jordan-d-murphy/orgs', 'repos_url': 'https://api.github.com/users/jordan-d-murphy/repos', 'events_url': 'https://api.github.com/users/jordan-d-murphy/events{/privacy}', 'received_events_url': 'https://api.github.com/users/jordan-d-murphy/received_events', 'type': 'User', 'site_admin': False}",https://api.github.com/repos/pandas-dev/pandas/issues/57610/timeline
13,"{'login': 'jordan-d-murphy', 'id': 35613487, 'node_id': 'MDQ6VXNlcjM1NjEzNDg3', 'avatar_url': 'https://avatars.githubusercontent.com/u/35613487?v=4', 'gravatar_id': '', 'url': 'https://api.github.com/users/jordan-d-murphy', 'html_url': 'https://github.com/jordan-d-murphy', 'followers_url': 'https://api.github.com/users/jordan-d-murphy/followers', 'following_url': 'https://api.github.com/users/jordan-d-murphy/following{/other_user}', 'gists_url': 'https://api.github.com/users/jordan-d-murphy/gists{/gist_id}', 'starred_url': 'https://api.github.com/users/jordan-d-murphy/starred{/owner}{/repo}', 'subscriptions_url': 'https://api.github.com/users/jordan-d-murphy/subscriptions', 'organizations_url': 'https://api.github.com/users/jordan-d-murphy/orgs', 'repos_url': 'https://api.github.com/users/jordan-d-murphy/repos', 'events_url': 'https://api.github.com/users/jordan-d-murphy/events{/privacy}', 'received_events_url': 'https://api.github.com/users/jordan-d-murphy/received_events', 'type': 'User', 'site_admin': False}",https://api.github.com/repos/pandas-dev/pandas/issues/57609/timeline
14,"{'login': 'orionbelt', 'id': 6054082, 'node_id': 'MDQ6VXNlcjYwNTQwODI=', 'avatar_url': 'https://avatars.githubusercontent.com/u/6054082?v=4', 'gravatar_id': '', 'url': 'https://api.github.com/users/orionbelt', 'html_url': 'https://github.com/orionbelt', 'followers_url': 'https://api.github.com/users/orionbelt/followers', 'following_url': 'https://api.github.com/users/orionbelt/following{/other_user}', 'gists_url': 'https://api.github.com/users/orionbelt/gists{/gist_id}', 'starred_url': 'https://api.github.com/users/orionbelt/starred{/owner}{/repo}', 'subscriptions_url': 'https://api.github.com/users/orionbelt/subscriptions', 'organizations_url': 'https://api.github.com/users/orionbelt/orgs', 'repos_url': 'https://api.github.com/users/orionbelt/repos', 'events_url': 'https://api.github.com/users/orionbelt/events{/privacy}', 'received_events_url': 'https://api.github.com/users/orionbelt/received_events', 'type': 'User', 'site_admin': False}",https://api.github.com/repos/pandas-dev/pandas/issues/57608/timeline
15,"{'login': 'dalejung', 'id': 610115, 'node_id': 'MDQ6VXNlcjYxMDExNQ==', 'avatar_url': 'https://avatars.githubusercontent.com/u/610115?v=4', 'gravatar_id': '', 'url': 'https://api.github.com/users/dalejung', 'html_url': 'https://github.com/dalejung', 'followers_url': 'https://api.github.com/users/dalejung/followers', 'following_url': 'https://api.github.com/users/dalejung/following{/other_user}', 'gists_url': 'https://api.github.com/users/dalejung/gists{/gist_id}', 'starred_url': 'https://api.github.com/users/dalejung/starred{/owner}{/repo}', 'subscriptions_url': 'https://api.github.com/users/dalejung/subscriptions', 'organizations_url': 'https://api.github.com/users/dalejung/orgs', 'repos_url': 'https://api.github.com/users/dalejung/repos', 'events_url': 'https://api.github.com/users/dalejung/events{/privacy}', 'received_events_url': 'https://api.github.com/users/dalejung/received_events', 'type': 'User', 'site_admin': False}",https://api.github.com/repos/pandas-dev/pandas/issues/57607/timeline
16,"{'login': 'twoertwein', 'id': 6618166, 'node_id': 'MDQ6VXNlcjY2MTgxNjY=', 'avatar_url': 'https://avatars.githubusercontent.com/u/6618166?v=4', 'gravatar_id': '', 'url': 'https://api.github.com/users/twoertwein', 'html_url': 'https://github.com/twoertwein', 'followers_url': 'https://api.github.com/users/twoertwein/followers', 'following_url': 'https://api.github.com/users/twoertwein/following{/other_user}', 'gists_url': 'https://api.github.com/users/twoertwein/gists{/gist_id}', 'starred_url': 'https://api.github.com/users/twoertwein/starred{/owner}{/repo}', 'subscriptions_url': 'https://api.github.com/users/twoertwein/subscriptions', 'organizations_url': 'https://api.github.com/users/twoertwein/orgs', 'repos_url': 'https://api.github.com/users/twoertwein/repos', 'events_url': 'https://api.github.com/users/twoertwein/events{/privacy}', 'received_events_url': 'https://api.github.com/users/twoertwein/received_events', 'type': 'User', 'site_admin': False}",https://api.github.com/repos/pandas-dev/pandas/issues/57606/timeline
17,"{'login': 'bergnerjonas', 'id': 44500888, 'node_id': 'MDQ6VXNlcjQ0NTAwODg4', 'avatar_url': 'https://avatars.githubusercontent.com/u/44500888?v=4', 'gravatar_id': '', 'url': 'https://api.github.com/users/bergnerjonas', 'html_url': 'https://github.com/bergnerjonas', 'followers_url': 'https://api.github.com/users/bergnerjonas/followers', 'following_url': 'https://api.github.com/users/bergnerjonas/following{/other_user}', 'gists_url': 'https://api.github.com/users/bergnerjonas/gists{/gist_id}', 'starred_url': 'https://api.github.com/users/bergnerjonas/starred{/owner}{/repo}', 'subscriptions_url': 'https://api.github.com/users/bergnerjonas/subscriptions', 'organizations_url': 'https://api.github.com/users/bergnerjonas/orgs', 'repos_url': 'https://api.github.com/users/bergnerjonas/repos', 'events_url': 'https://api.github.com/users/bergnerjonas/events{/privacy}', 'received_events_url': 'https://api.github.com/users/bergnerjonas/received_events', 'type': 'User', 'site_admin': False}",https://api.github.com/repos/pandas-dev/pandas/issues/57605/timeline
18,"{'login': 'YashpalAhlawat', 'id': 18135348, 'node_id': 'MDQ6VXNlcjE4MTM1MzQ4', 'avatar_url': 'https://avatars.githubusercontent.com/u/18135348?v=4', 'gravatar_id': '', 'url': 'https://api.github.com/users/YashpalAhlawat', 'html_url': 'https://github.com/YashpalAhlawat', 'followers_url': 'https://api.github.com/users/YashpalAhlawat/followers', 'following_url': 'https://api.github.com/users/YashpalAhlawat/following{/other_user}', 'gists_url': 'https://api.github.com/users/YashpalAhlawat/gists{/gist_id}', 'starred_url': 'https://api.github.com/users/YashpalAhlawat/starred{/owner}{/repo}', 'subscriptions_url': 'https://api.github.com/users/YashpalAhlawat/subscriptions', 'organizations_url': 'https://api.github.com/users/YashpalAhlawat/orgs', 'repos_url': 'https://api.github.com/users/YashpalAhlawat/repos', 'events_url': 'https://api.github.com/users/YashpalAhlawat/events{/privacy}', 'received_events_url': 'https://api.github.com/users/YashpalAhlawat/received_events', 'type': 'User', 'site_admin': False}",https://api.github.com/repos/pandas-dev/pandas/issues/57604/timeline
19,"{'login': 'anmyachev', 'id': 45976948, 'node_id': 'MDQ6VXNlcjQ1OTc2OTQ4', 'avatar_url': 'https://avatars.githubusercontent.com/u/45976948?v=4', 'gravatar_id': '', 'url': 'https://api.github.com/users/anmyachev', 'html_url': 'https://github.com/anmyachev', 'followers_url': 'https://api.github.com/users/anmyachev/followers', 'following_url': 'https://api.github.com/users/anmyachev/following{/other_user}', 'gists_url': 'https://api.github.com/users/anmyachev/gists{/gist_id}', 'starred_url': 'https://api.github.com/users/anmyachev/starred{/owner}{/repo}', 'subscriptions_url': 'https://api.github.com/users/anmyachev/subscriptions', 'organizations_url': 'https://api.github.com/users/anmyachev/orgs', 'repos_url': 'https://api.github.com/users/anmyachev/repos', 'events_url': 'https://api.github.com/users/anmyachev/events{/privacy}', 'received_events_url': 'https://api.github.com/users/anmyachev/received_events', 'type': 'User', 'site_admin': False}",https://api.github.com/repos/pandas-dev/pandas/issues/57602/timeline
20,"{'login': 'thomasdamcevski', 'id': 97948306, 'node_id': 'U_kgDOBdaSkg', 'avatar_url': 'https://avatars.githubusercontent.com/u/97948306?v=4', 'gravatar_id': '', 'url': 'https://api.github.com/users/thomasdamcevski', 'html_url': 'https://github.com/thomasdamcevski', 'followers_url': 'https://api.github.com/users/thomasdamcevski/followers', 'following_url': 'https://api.github.com/users/thomasdamcevski/following{/other_user}', 'gists_url': 'https://api.github.com/users/thomasdamcevski/gists{/gist_id}', 'starred_url': 'https://api.github.com/users/thomasdamcevski/starred{/owner}{/repo}', 'subscriptions_url': 'https://api.github.com/users/thomasdamcevski/subscriptions', 'organizations_url': 'https://api.github.com/users/thomasdamcevski/orgs', 'repos_url': 'https://api.github.com/users/thomasdamcevski/repos', 'events_url': 'https://api.github.com/users/thomasdamcevski/events{/privacy}', 'received_events_url': 'https://api.github.com/users/thomasdamcevski/received_events', 'type': 'User', 'site_admin': False}",https://api.github.com/repos/pandas-dev/pandas/issues/57601/timeline
21,"{'login': 'rhshadrach', 'id': 45562402, 'node_id': 'MDQ6VXNlcjQ1NTYyNDAy', 'avatar_url': 'https://avatars.githubusercontent.com/u/45562402?v=4', 'gravatar_id': '', 'url': 'https://api.github.com/users/rhshadrach', 'html_url': 'https://github.com/rhshadrach', 'followers_url': 'https://api.github.com/users/rhshadrach/followers', 'following_url': 'https://api.github.com/users/rhshadrach/following{/other_user}', 'gists_url': 'https://api.github.com/users/rhshadrach/gists{/gist_id}', 'starred_url': 'https://api.github.com/users/rhshadrach/starred{/owner}{/repo}', 'subscriptions_url': 'https://api.github.com/users/rhshadrach/subscriptions', 'organizations_url': 'https://api.github.com/users/rhshadrach/orgs', 'repos_url': 'https://api.github.com/users/rhshadrach/repos', 'events_url': 'https://api.github.com/users/rhshadrach/events{/privacy}', 'received_events_url': 'https://api.github.com/users/rhshadrach/received_events', 'type': 'User', 'site_admin': False}",https://api.github.com/repos/pandas-dev/pandas/issues/57600/timeline
22,"{'login': 'YashpalAhlawat', 'id': 18135348, 'node_id': 'MDQ6VXNlcjE4MTM1MzQ4', 'avatar_url': 'https://avatars.githubusercontent.com/u/18135348?v=4', 'gravatar_id': '', 'url': 'https://api.github.com/users/YashpalAhlawat', 'html_url': 'https://github.com/YashpalAhlawat', 'followers_url': 'https://api.github.com/users/YashpalAhlawat/followers', 'following_url': 'https://api.github.com/users/YashpalAhlawat/following{/other_user}', 'gists_url': 'https://api.github.com/users/YashpalAhlawat/gists{/gist_id}', 'starred_url': 'https://api.github.com/users/YashpalAhlawat/starred{/owner}{/repo}', 'subscriptions_url': 'https://api.github.com/users/YashpalAhlawat/subscriptions', 'organizations_url': 'https://api.github.com/users/YashpalAhlawat/orgs', 'repos_url': 'https://api.github.com/users/YashpalAhlawat/repos', 'events_url': 'https://api.github.com/users/YashpalAhlawat/events{/privacy}', 'received_events_url': 'https://api.github.com/users/YashpalAhlawat/received_events', 'type': 'User', 'site_admin': False}",https://api.github.com/repos/pandas-dev/pandas/issues/57597/timeline
23,"{'login': 'KowalMar', 'id': 145105975, 'node_id': 'U_kgDOCKYkNw', 'avatar_url': 'https://avatars.githubusercontent.com/u/145105975?v=4', 'gravatar_id': '', 'url': 'https://api.github.com/users/KowalMar', 'html_url': 'https://github.com/KowalMar', 'followers_url': 'https://api.github.com/users/KowalMar/followers', 'following_url': 'https://api.github.com/users/KowalMar/following{/other_user}', 'gists_url': 'https://api.github.com/users/KowalMar/gists{/gist_id}', 'starred_url': 'https://api.github.com/users/KowalMar/starred{/owner}{/repo}', 'subscriptions_url': 'https://api.github.com/users/KowalMar/subscriptions', 'organizations_url': 'https://api.github.com/users/KowalMar/orgs', 'repos_url': 'https://api.github.com/users/KowalMar/repos', 'events_url': 'https://api.github.com/users/KowalMar/events{/privacy}', 'received_events_url': 'https://api.github.com/users/KowalMar/received_events', 'type': 'User', 'site_admin': False}",https://api.github.com/repos/pandas-dev/pandas/issues/57596/timeline
24,"{'login': 'natmokval', 'id': 91160475, 'node_id': 'MDQ6VXNlcjkxMTYwNDc1', 'avatar_url': 'https://avatars.githubusercontent.com/u/91160475?v=4', 'gravatar_id': '', 'url': 'https://api.github.com/users/natmokval', 'html_url': 'https://github.com/natmokval', 'followers_url': 'https://api.github.com/users/natmokval/followers', 'following_url': 'https://api.github.com/users/natmokval/following{/other_user}', 'gists_url': 'https://api.github.com/users/natmokval/gists{/gist_id}', 'starred_url': 'https://api.github.com/users/natmokval/starred{/owner}{/repo}', 'subscriptions_url': 'https://api.github.com/users/natmokval/subscriptions', 'organizations_url': 'https://api.github.com/users/natmokval/orgs', 'repos_url': 'https://api.github.com/users/natmokval/repos', 'events_url': 'https://api.github.com/users/natmokval/events{/privacy}', 'received_events_url': 'https://api.github.com/users/natmokval/received_events', 'type': 'User', 'site_admin': False}",https://api.github.com/repos/pandas-dev/pandas/issues/57594/timeline
25,"{'login': 'billtubbs', 'id': 7958850, 'node_id': 'MDQ6VXNlcjc5NTg4NTA=', 'avatar_url': 'https://avatars.githubusercontent.com/u/7958850?v=4', 'gravatar_id': '', 'url': 'https://api.github.com/users/billtubbs', 'html_url': 'https://github.com/billtubbs', 'followers_url': 'https://api.github.com/users/billtubbs/followers', 'following_url': 'https://api.github.com/users/billtubbs/following{/other_user}', 'gists_url': 'https://api.github.com/users/billtubbs/gists{/gist_id}', 'starred_url': 'https://api.github.com/users/billtubbs/starred{/owner}{/repo}', 'subscriptions_url': 'https://api.github.com/users/billtubbs/subscriptions', 'organizations_url': 'https://api.github.com/users/billtubbs/orgs', 'repos_url': 'https://api.github.com/users/billtubbs/repos', 'events_url': 'https://api.github.com/users/billtubbs/events{/privacy}', 'received_events_url': 'https://api.github.com/users/billtubbs/received_events', 'type': 'User', 'site_admin': False}",https://api.github.com/repos/pandas-dev/pandas/issues/57593/timeline
26,"{'login': 'mroeschke', 'id': 10647082, 'node_id': 'MDQ6VXNlcjEwNjQ3MDgy', 'avatar_url': 'https://avatars.githubusercontent.com/u/10647082?v=4', 'gravatar_id': '', 'url': 'https://api.github.com/users/mroeschke', 'html_url': 'https://github.com/mroeschke', 'followers_url': 'https://api.github.com/users/mroeschke/followers', 'following_url': 'https://api.github.com/users/mroeschke/following{/other_user}', 'gists_url': 'https://api.github.com/users/mroeschke/gists{/gist_id}', 'starred_url': 'https://api.github.com/users/mroeschke/starred{/owner}{/repo}', 'subscriptions_url': 'https://api.github.com/users/mroeschke/subscriptions', 'organizations_url': 'https://api.github.com/users/mroeschke/orgs', 'repos_url': 'https://api.github.com/users/mroeschke/repos', 'events_url': 'https://api.github.com/users/mroeschke/events{/privacy}', 'received_events_url': 'https://api.github.com/users/mroeschke/received_events', 'type': 'User', 'site_admin': False}",https://api.github.com/repos/pandas-dev/pandas/issues/57592/timeline
27,"{'login': 'rhshadrach', 'id': 45562402, 'node_id': 'MDQ6VXNlcjQ1NTYyNDAy', 'avatar_url': 'https://avatars.githubusercontent.com/u/45562402?v=4', 'gravatar_id': '', 'url': 'https://api.github.com/users/rhshadrach', 'html_url': 'https://github.com/rhshadrach', 'followers_url': 'https://api.github.com/users/rhshadrach/followers', 'following_url': 'https://api.github.com/users/rhshadrach/following{/other_user}', 'gists_url': 'https://api.github.com/users/rhshadrach/gists{/gist_id}', 'starred_url': 'https://api.github.com/users/rhshadrach/starred{/owner}{/repo}', 'subscriptions_url': 'https://api.github.com/users/rhshadrach/subscriptions', 'organizations_url': 'https://api.github.com/users/rhshadrach/orgs', 'repos_url': 'https://api.github.com/users/rhshadrach/repos', 'events_url': 'https://api.github.com/users/rhshadrach/events{/privacy}', 'received_events_url': 'https://api.github.com/users/rhshadrach/received_events', 'type': 'User', 'site_admin': False}",https://api.github.com/repos/pandas-dev/pandas/issues/57591/timeline
28,"{'login': 'lithomas1', 'id': 47963215, 'node_id': 'MDQ6VXNlcjQ3OTYzMjE1', 'avatar_url': 'https://avatars.githubusercontent.com/u/47963215?v=4', 'gravatar_id': '', 'url': 'https://api.github.com/users/lithomas1', 'html_url': 'https://github.com/lithomas1', 'followers_url': 'https://api.github.com/users/lithomas1/followers', 'following_url': 'https://api.github.com/users/lithomas1/following{/other_user}', 'gists_url': 'https://api.github.com/users/lithomas1/gists{/gist_id}', 'starred_url': 'https://api.github.com/users/lithomas1/starred{/owner}{/repo}', 'subscriptions_url': 'https://api.github.com/users/lithomas1/subscriptions', 'organizations_url': 'https://api.github.com/users/lithomas1/orgs', 'repos_url': 'https://api.github.com/users/lithomas1/repos', 'events_url': 'https://api.github.com/users/lithomas1/events{/privacy}', 'received_events_url': 'https://api.github.com/users/lithomas1/received_events', 'type': 'User', 'site_admin': False}",https://api.github.com/repos/pandas-dev/pandas/issues/57590/timeline
29,"{'login': 'mroeschke', 'id': 10647082, 'node_id': 'MDQ6VXNlcjEwNjQ3MDgy', 'avatar_url': 'https://avatars.githubusercontent.com/u/10647082?v=4', 'gravatar_id': '', 'url': 'https://api.github.com/users/mroeschke', 'html_url': 'https://github.com/mroeschke', 'followers_url': 'https://api.github.com/users/mroeschke/followers', 'following_url': 'https://api.github.com/users/mroeschke/following{/other_user}', 'gists_url': 'https://api.github.com/users/mroeschke/gists{/gist_id}', 'starred_url': 'https://api.github.com/users/mroeschke/starred{/owner}{/repo}', 'subscriptions_url': 'https://api.github.com/users/mroeschke/subscriptions', 'organizations_url': 'https://api.github.com/users/mroeschke/orgs', 'repos_url': 'https://api.github.com/users/mroeschke/repos', 'events_url': 'https://api.github.com/users/mroeschke/events{/privacy}', 'received_events_url': 'https://api.github.com/users/mroeschke/received_events', 'type': 'User', 'site_admin': False}",https://api.github.com/repos/pandas-dev/pandas/issues/57588/timeline
